<?xml version="1.0" encoding="utf-8" ?>
<dwsync>
<file name="lato-bold-webfont.woff" server="socialsail.com/public_html/" local="131415141240000000" remote="131415073580000000" Dst="2" />
<file name="lato-bold-webfont.woff2" server="socialsail.com/public_html/" local="131415141240000000" remote="131415073580000000" Dst="2" />
<file name="lato-bolditalic-webfont.woff" server="socialsail.com/public_html/" local="131415141240000000" remote="131415073580000000" Dst="2" />
<file name="lato-bolditalic-webfont.woff2" server="socialsail.com/public_html/" local="131415141240000000" remote="131415073580000000" Dst="2" />
<file name="lato-light-webfont.woff" server="socialsail.com/public_html/" local="131415141240000000" remote="131415073580000000" Dst="2" />
<file name="lato-light-webfont.woff2" server="socialsail.com/public_html/" local="131415141240000000" remote="131415073580000000" Dst="2" />
<file name="lato-lightitalic-webfont.woff" server="socialsail.com/public_html/" local="131415141240000000" remote="131415073580000000" Dst="2" />
<file name="lato-lightitalic-webfont.woff2" server="socialsail.com/public_html/" local="131415141240000000" remote="131415073580000000" Dst="2" />
<file name="lato-semibold-webfont.woff" server="socialsail.com/public_html/" local="131415141240000000" remote="131415073580000000" Dst="2" />
<file name="lato-semibold-webfont.woff2" server="socialsail.com/public_html/" local="131415141240000000" remote="131415073580000000" Dst="2" />
<file name="lato-semibolditalic-webfont.woff" server="socialsail.com/public_html/" local="131415141240000000" remote="131415073580000000" Dst="2" />
<file name="lato-semibolditalic-webfont.woff2" server="socialsail.com/public_html/" local="131415141240000000" remote="131415073590000000" Dst="2" />
<file name="lato-thin-webfont.woff" server="socialsail.com/public_html/" local="131415141240000000" remote="131415073590000000" Dst="2" />
<file name="lato-thin-webfont.woff2" server="socialsail.com/public_html/" local="131415141240000000" remote="131415073590000000" Dst="2" />
<file name="lato-thinitalic-webfont.woff" server="socialsail.com/public_html/" local="131415141240000000" remote="131415073590000000" Dst="2" />
<file name="lato-thinitalic-webfont.woff2" server="socialsail.com/public_html/" local="131415141240000000" remote="131415073590000000" Dst="2" />
<file name="lato-regular-webfont.ttf" server="socialsail.com/public_html/" local="131528498920000000" remote="131528428830000000" Dst="2" />
<file name="lato-regular-webfont.woff" server="socialsail.com/public_html/" local="131528498920000000" remote="131528428830000000" Dst="2" />
<file name="lato-regular-webfont.woff2" server="socialsail.com/public_html/" local="131528498920000000" remote="131528428830000000" Dst="2" />
</dwsync>